{
    "accuracy": 0.8192,
    "precision_macro": 0.8198386456294997,
    "recall_macro": 0.8196119651715517,
    "f1_per_class": [
        0.828612578012482,
        0.8491902834008097,
        0.7767995857068877,
        0.8355424644084438,
        0.8038520020273695
    ]
}