{
    "accuracy": 0.8202,
    "precision_macro": 0.8200660249748826,
    "recall_macro": 0.8200474361394006,
    "f1_per_class": [
        0.8259187620889749,
        0.8517034068136272,
        0.7725856697819314,
        0.8359683794466403,
        0.8126888217522659
    ]
}